{
  "project_info": {
    "project_number": "961325249716",
    "firebase_url": "https://get-it-27.firebaseio.com",
    "project_id": "get-it-27",
    "storage_bucket": "get-it-27.appspot.com"
  },
  "client": [
    {
      "client_info": {
        "mobilesdk_app_id": "1:961325249716:android:6812b5674c17a3fd",
        "android_client_info": {
          "package_name": "ultimate.com.getit"
        }
      },
      "oauth_client": [
        {
          "client_id": "961325249716-tid7sa2ai5m7bb5buqtg34bfft156l6v.apps.googleusercontent.com",
          "client_type": 1,
          "android_info": {
            "package_name": "ultimate.com.getit",
            "certificate_hash": "9d65fb0d0164120911cb52d46e2aaabd112a540f"
          }
        },
        {
          "client_id": "961325249716-9vuub316bn9vsbrdrfhti0tvn889jojr.apps.googleusercontent.com",
          "client_type": 3
        }
      ],
      "api_key": [
        {
          "current_key": "AIzaSyCvj8a2H_aKapgbzKTqGczdhBfw9GXbkYc"
        }
      ],
      "services": {
        "analytics_service": {
          "status": 1
        },
        "appinvite_service": {
          "status": 2,
          "other_platform_oauth_client": [
            {
              "client_id": "961325249716-9vuub316bn9vsbrdrfhti0tvn889jojr.apps.googleusercontent.com",
              "client_type": 3
            }
          ]
        },
        "ads_service": {
          "status": 2
        }
      }
    }
  ],
  "configuration_version": "1"
}